"Info.1","Determination.start","Bromide Concentration","Bromide DL","Bromide STD","Chloride Concentration","Chloride DL","Chloride STD","Fluoride Concentration","Fluoride DL","Fluoride STD","Nitrate Concentration","Nitrate DL","Nitrate STD","Nitrite Concentration","Nitrite DL","Nitrite STD","Phosphate Concentration","Phosphate DL","Phosphate STD","Sulfate Concentration","Sulfate DL","Sulfate STD"
"1","2025-08-07 17:54:35 UTC-6",NA,0.00928558661534523,NA,0.703,0.00600883942089478,0.00175000000000003,0.084,0.00326668544964679,0.002,NA,0.00160997253967769,NA,NA,0.0026212977069327,NA,0.045,0.00437943668979025,0.000666666666666667,0.594,0.00557790804279323,0.00325
"2","2025-08-07 18:16:03 UTC-6",NA,0.00928558661534523,NA,1.448,0.00600883942089478,0.00175000000000003,0.103,0.00326668544964679,0.002,NA,0.00160997253967769,NA,NA,0.0026212977069327,NA,0.099,0.00437943668979025,0.000666666666666667,0.344,0.00557790804279323,0.00325
"2B","2025-08-07 18:37:32 UTC-6",NA,0.00928558661534523,NA,1.571,0.00600883942089478,0.00175000000000003,0.111,0.00326668544964679,0.002,NA,0.00160997253967769,NA,NA,0.0026212977069327,NA,0.11,0.00437943668979025,0.000666666666666667,0.283,0.00557790804279323,0.00325
"3","2025-08-07 18:59:01 UTC-6",NA,0.00928558661534523,NA,0.609,0.00600883942089478,0.00175000000000003,0.096,0.00326668544964679,0.002,0.3,0.00160997253967769,NA,NA,0.0026212977069327,NA,NA,0.00437943668979025,0.000666666666666667,0.192,0.00557790804279323,0.00325
"5","2025-08-07 19:20:31 UTC-6",NA,0.00928558661534523,NA,1.747,0.00600883942089478,0.00175000000000003,0.083,0.00326668544964679,0.002,0.051,0.00160997253967769,NA,NA,0.0026212977069327,NA,0.042,0.00437943668979025,0.000666666666666667,0.389,0.00557790804279323,0.00325
"6","2025-08-07 19:42:00 UTC-6",NA,0.00928558661534523,NA,0.479,0.00600883942089478,0.00175000000000003,0.083,0.00326668544964679,0.002,NA,0.00160997253967769,NA,NA,0.0026212977069327,NA,0.045,0.00437943668979025,0.000666666666666667,0.287,0.00557790804279323,0.00325
"7","2025-08-07 20:03:30 UTC-6",NA,0.00928558661534523,NA,0.895,0.00600883942089478,0.00175000000000003,0.107,0.00326668544964679,0.002,NA,0.00160997253967769,NA,NA,0.0026212977069327,NA,0.044,0.00437943668979025,0.000666666666666667,0.62,0.00557790804279323,0.00325
"8","2025-08-07 20:25:00 UTC-6",NA,0.00928558661534523,NA,0.378,0.00600883942089478,0.00175000000000003,0.056,0.00326668544964679,0.002,NA,0.00160997253967769,NA,NA,0.0026212977069327,NA,NA,0.00437943668979025,0.000666666666666667,0.24,0.00557790804279323,0.00325
"8","2025-08-07 20:46:31 UTC-6",NA,0.00928558661534523,NA,0.379,0.00600883942089478,0.00175000000000003,0.057,0.00326668544964679,0.002,NA,0.00160997253967769,NA,NA,0.0026212977069327,NA,NA,0.00437943668979025,0.000666666666666667,0.244,0.00557790804279323,0.00325
"9","2025-08-07 21:08:01 UTC-6",NA,0.00928558661534523,NA,0.867,0.00600883942089478,0.00175000000000003,0.096,0.00326668544964679,0.002,0.059,0.00160997253967769,NA,NA,0.0026212977069327,NA,0.044,0.00437943668979025,0.000666666666666667,0.741,0.00557790804279323,0.00325
"11","2025-08-07 21:51:00 UTC-6",NA,0.00928558661534523,NA,1.155,0.00600883942089478,0.00175000000000003,0.095,0.00326668544964679,0.002,NA,0.00160997253967769,NA,NA,0.0026212977069327,NA,0.044,0.00437943668979025,0.000666666666666667,0.205,0.00557790804279323,0.00325
"12","2025-08-07 22:12:31 UTC-6",NA,0.00928558661534523,NA,0.396,0.00600883942089478,0.00175000000000003,0.066,0.00326668544964679,0.002,NA,0.00160997253967769,NA,NA,0.0026212977069327,NA,NA,0.00437943668979025,0.000666666666666667,0.26,0.00557790804279323,0.00325
"13","2025-08-07 22:34:02 UTC-6",NA,0.00928558661534523,NA,0.529,0.00600883942089478,0.00175000000000003,0.081,0.00326668544964679,0.002,NA,0.00160997253967769,NA,NA,0.0026212977069327,NA,NA,0.00437943668979025,0.000666666666666667,0.393,0.00557790804279323,0.00325
"14","2025-08-07 22:55:34 UTC-6",NA,0.00928558661534523,NA,0.425,0.00600883942089478,0.00175000000000003,0.074,0.00326668544964679,0.002,NA,0.00160997253967769,NA,NA,0.0026212977069327,NA,NA,0.00437943668979025,0.000666666666666667,0.255,0.00557790804279323,0.00325
"15","2025-08-07 23:17:06 UTC-6",NA,0.00928558661534523,NA,0.632,0.00600883942089478,0.00175000000000003,0.103,0.00326668544964679,0.002,0.131,0.00160997253967769,NA,NA,0.0026212977069327,NA,0.12,0.00437943668979025,0.000666666666666667,0.579,0.00557790804279323,0.00325
"16","2025-08-07 23:38:38 UTC-6",NA,0.00928558661534523,NA,0.471,0.00600883942089478,0.00175000000000003,0.07,0.00326668544964679,0.002,0.123,0.00160997253967769,NA,NA,0.0026212977069327,NA,0.059,0.00437943668979025,0.000666666666666667,0.42,0.00557790804279323,0.00325
"17","2025-08-08 00:00:11 UTC-6",NA,0.00928558661534523,NA,0.485,0.00600883942089478,0.00175000000000003,0.084,0.00326668544964679,0.002,0.088,0.00160997253967769,NA,NA,0.0026212977069327,NA,0.04,0.00437943668979025,0.000666666666666667,0.516,0.00557790804279323,0.00325
"19","2025-08-08 00:21:44 UTC-6",NA,0.00928558661534523,NA,0.518,0.00600883942089478,0.00175000000000003,0.122,0.00326668544964679,0.002,0.041,0.00160997253967769,NA,NA,0.0026212977069327,NA,0.065,0.00437943668979025,0.000666666666666667,0.41,0.00557790804279323,0.00325
"20","2025-08-08 00:43:17 UTC-6",NA,0.00928558661534523,NA,0.584,0.00600883942089478,0.00175000000000003,0.067,0.00326668544964679,0.002,NA,0.00160997253967769,NA,NA,0.0026212977069327,NA,0.038,0.00437943668979025,0.000666666666666667,0.292,0.00557790804279323,0.00325
"20","2025-08-08 01:04:51 UTC-6",NA,0.00928558661534523,NA,0.586,0.00600883942089478,0.00175000000000003,0.069,0.00326668544964679,0.002,NA,0.00160997253967769,NA,NA,0.0026212977069327,NA,0.038,0.00437943668979025,0.000666666666666667,0.293,0.00557790804279323,0.00325
"21","2025-08-08 01:26:24 UTC-6",NA,0.00928558661534523,NA,0.449,0.00600883942089478,0.00175000000000003,0.073,0.00326668544964679,0.002,0.021,0.00160997253967769,NA,NA,0.0026212977069327,NA,NA,0.00437943668979025,0.000666666666666667,0.327,0.00557790804279323,0.00325
"22","2025-08-08 02:09:27 UTC-6",NA,0.00928558661534523,NA,0.553,0.00600883942089478,0.00175000000000003,0.071,0.00326668544964679,0.002,NA,0.00160997253967769,NA,NA,0.0026212977069327,NA,NA,0.00437943668979025,0.000666666666666667,0.233,0.00557790804279323,0.00325
"23","2025-08-08 02:31:01 UTC-6",NA,0.00928558661534523,NA,0.661,0.00600883942089478,0.00175000000000003,0.059,0.00326668544964679,0.002,NA,0.00160997253967769,NA,NA,0.0026212977069327,NA,NA,0.00437943668979025,0.000666666666666667,0.352,0.00557790804279323,0.00325
"24","2025-08-08 02:52:35 UTC-6",NA,0.00928558661534523,NA,0.611,0.00600883942089478,0.00175000000000003,0.052,0.00326668544964679,0.002,0.103,0.00160997253967769,NA,NA,0.0026212977069327,NA,NA,0.00437943668979025,0.000666666666666667,0.405,0.00557790804279323,0.00325
"25","2025-08-08 03:14:09 UTC-6",NA,0.00928558661534523,NA,1.353,0.00600883942089478,0.00175000000000003,0.06,0.00326668544964679,0.002,NA,0.00160997253967769,NA,NA,0.0026212977069327,NA,NA,0.00437943668979025,0.000666666666666667,0.366,0.00557790804279323,0.00325
"27","2025-08-08 03:35:42 UTC-6",NA,0.00928558661534523,NA,0.377,0.00600883942089478,0.00175000000000003,0.061,0.00326668544964679,0.002,NA,0.00160997253967769,NA,NA,0.0026212977069327,NA,0.035,0.00437943668979025,0.000666666666666667,0.365,0.00557790804279323,0.00325
"28","2025-08-08 03:57:15 UTC-6",NA,0.00928558661534523,NA,0.46,0.00600883942089478,0.00175000000000003,0.062,0.00326668544964679,0.002,NA,0.00160997253967769,NA,NA,0.0026212977069327,NA,NA,0.00437943668979025,0.000666666666666667,0.302,0.00557790804279323,0.00325
"29","2025-08-08 04:18:48 UTC-6",NA,0.00928558661534523,NA,1.132,0.00600883942089478,0.00175000000000003,0.07,0.00326668544964679,0.002,NA,0.00160997253967769,NA,NA,0.0026212977069327,NA,NA,0.00437943668979025,0.000666666666666667,0.365,0.00557790804279323,0.00325
"30","2025-08-08 04:40:20 UTC-6",NA,0.00928558661534523,NA,0.755,0.00600883942089478,0.00175000000000003,0.114,0.00326668544964679,0.002,0.255,0.00160997253967769,NA,NA,0.0026212977069327,NA,0.129,0.00437943668979025,0.000666666666666667,0.613,0.00557790804279323,0.00325
"32","2025-08-08 05:01:53 UTC-6",NA,0.00928558661534523,NA,0.708,0.00600883942089478,0.00175000000000003,0.173,0.00326668544964679,0.002,NA,0.00160997253967769,NA,NA,0.0026212977069327,NA,0.055,0.00437943668979025,0.000666666666666667,0.827,0.00557790804279323,0.00325
"32","2025-08-08 05:23:25 UTC-6",NA,0.00928558661534523,NA,0.709,0.00600883942089478,0.00175000000000003,0.176,0.00326668544964679,0.002,NA,0.00160997253967769,NA,NA,0.0026212977069327,NA,0.056,0.00437943668979025,0.000666666666666667,0.822,0.00557790804279323,0.00325
"33","2025-08-08 05:44:57 UTC-6",NA,0.00928558661534523,NA,0.799,0.00600883942089478,0.00175000000000003,0.093,0.00326668544964679,0.002,NA,0.00160997253967769,NA,NA,0.0026212977069327,NA,0.048,0.00437943668979025,0.000666666666666667,0.459,0.00557790804279323,0.00325
"34","2025-08-08 06:27:58 UTC-6",NA,0.00928558661534523,NA,0.495,0.00600883942089478,0.00175000000000003,0.067,0.00326668544964679,0.002,0.022,0.00160997253967769,NA,NA,0.0026212977069327,NA,NA,0.00437943668979025,0.000666666666666667,0.376,0.00557790804279323,0.00325
"35","2025-08-08 06:49:30 UTC-6",NA,0.00928558661534523,NA,0.406,0.00600883942089478,0.00175000000000003,0.067,0.00326668544964679,0.002,0.026,0.00160997253967769,NA,NA,0.0026212977069327,NA,NA,0.00437943668979025,0.000666666666666667,0.335,0.00557790804279323,0.00325
"36","2025-08-08 07:11:01 UTC-6",NA,0.00928558661534523,NA,0.691,0.00600883942089478,0.00175000000000003,0.076,0.00326668544964679,0.002,NA,0.00160997253967769,NA,NA,0.0026212977069327,NA,0.051,0.00437943668979025,0.000666666666666667,0.571,0.00557790804279323,0.00325
"37","2025-08-08 07:32:32 UTC-6",NA,0.00928558661534523,NA,1.52,0.00600883942089478,0.00175000000000003,0.074,0.00326668544964679,0.002,NA,0.00160997253967769,NA,NA,0.0026212977069327,NA,0.036,0.00437943668979025,0.000666666666666667,0.181,0.00557790804279323,0.00325
"38","2025-08-08 07:54:03 UTC-6",NA,0.00928558661534523,NA,0.83,0.00600883942089478,0.00175000000000003,0.102,0.00326668544964679,0.002,NA,0.00160997253967769,NA,NA,0.0026212977069327,NA,0.052,0.00437943668979025,0.000666666666666667,0.437,0.00557790804279323,0.00325
"39","2025-08-08 08:15:33 UTC-6",NA,0.00928558661534523,NA,1.072,0.00600883942089478,0.00175000000000003,0.26,0.00326668544964679,0.002,NA,0.00160997253967769,NA,NA,0.0026212977069327,NA,NA,0.00437943668979025,0.000666666666666667,2.119,0.00557790804279323,0.00325
"40","2025-08-08 08:37:03 UTC-6",NA,0.00928558661534523,NA,0.503,0.00600883942089478,0.00175000000000003,0.064,0.00326668544964679,0.002,NA,0.00160997253967769,NA,NA,0.0026212977069327,NA,NA,0.00437943668979025,0.000666666666666667,0.335,0.00557790804279323,0.00325
"41","2025-08-08 08:58:33 UTC-6",NA,0.00928558661534523,NA,1.218,0.00600883942089478,0.00175000000000003,0.127,0.00326668544964679,0.002,NA,0.00160997253967769,NA,NA,0.0026212977069327,NA,0.079,0.00437943668979025,0.000666666666666667,0.38,0.00557790804279323,0.00325
"41","2025-08-08 09:20:03 UTC-6",NA,0.00928558661534523,NA,1.221,0.00600883942089478,0.00175000000000003,0.125,0.00326668544964679,0.002,NA,0.00160997253967769,NA,NA,0.0026212977069327,NA,0.078,0.00437943668979025,0.000666666666666667,0.377,0.00557790804279323,0.00325
"42","2025-08-08 09:41:32 UTC-6",NA,0.00928558661534523,NA,1.319,0.00600883942089478,0.00175000000000003,0.067,0.00326668544964679,0.002,0.042,0.00160997253967769,NA,NA,0.0026212977069327,NA,NA,0.00437943668979025,0.000666666666666667,0.249,0.00557790804279323,0.00325
